sp2021,CSE40175-01,Ethical & Professional Issues,3,98,21432,T R - 3:55P - 5:10P,ONLINE COURSE
sp2021,CSE21221-01,Logic Design Laboratory,0,39,20633,T - 2:15P - 3:30P,Fitzpatrick Hall of Eng. B19
sp2021,CSE21221-02,Logic Design Laboratory,0,38,32226,T - 3:40P - 4:55P,Fitzpatrick Hall of Eng. B19
sp2021,CSE21221-03,Logic Design Laboratory,0,38,32227,T - 5:05P - 6:20P,Fitzpatrick Hall of Eng. B19
sp2021,CSE21221-04,Logic Design Laboratory,0,38,20242,W - 3:40P - 4:55P,Fitzpatrick Hall of Eng. B19
sp2021,CSE21221-05,Logic Design Laboratory,0,38,20050,W - 5:05P - 6:20P,Fitzpatrick Hall of Eng. B19
sp2021,CSE20221-01,Logic Design,4,188,20972,T R - 9:35A - 10:50A,DeBartolo Performing Arts Ctr. 121
sp2021,CSE21311-01,Fundamentals of Computing Lab,0,45,29079,M - 3:30P - 4:20P,Fitzpatrick Hall of Eng. B19
sp2021,CSE21311-02,Fundamentals of Computing Lab,0,44,29080,M - 4:30P - 5:20P,Fitzpatrick Hall of Eng. B19
sp2021,CSE40746-01,Advanced Database Projects,3,19,22372,T R - 12:45P - 2:00P,DeBartolo Hall 207
sp2021,CSE60746-01,Advanced Database Projects,3,0,23356,T R - 12:45P - 2:00P,DeBartolo Hall 207
sp2021,CSE20311-01,Fundamentals of Computing,4,89,27846,M W F - 10:25A - 11:15A,Jordan Hall of Science 105
sp2021,CSE20289-01,Systems Programming,3,166,25092,M W F - 1:00P - 1:50P,Washington Hall 200
sp2021,CSE40842-01,Hackers in the Bazaar,3,19,31245,T R - 9:35A - 10:50A,DeBartolo Hall 119
sp2021,CSE60111-01,Complexity and Algorithms,3,25,20954,T R - 12:45P - 2:00P,Cushing Hall of Engineering 303
sp2021,CSE40657-01,Natural Language Processing,3,19,31247,M W F - 1:00P - 1:50P,Fitzpatrick Hall of Eng. 356
sp2021,CSE60657-01,Natural Language Processing,3,4,32907,M W F - 1:00P - 1:50P,Fitzpatrick Hall of Eng. 356
sp2021,CSE40536-01,Computer Vision II,3,10,29068,M W - 2:20P - 3:35P,DeBartolo Hall 213
sp2021,CSE60536-01,Computer Vision II,3,8,29469,M W - 2:20P - 3:35P,DeBartolo Hall 213
sp2021,CSE31321-01,Computer Architecture Lab,0,50,25050,TBA,TBA
sp2021,CSE30321-01,Computer Architecture,4,50,25049,T R - 11:10A - 12:25P,ONLINE COURSE
sp2021,CSE63802-01,Research Seminar II,1,55,20154,R - 3:55P - 5:10P,ONLINE COURSE
sp2021,CSE60326-01,Computational Behavior Model'g,3,15,29071,M W - 3:55P - 5:10P,O'Shaughnessy Hall 115
sp2021,CSE40445-01,Hardware for Learning,3,12,32506,M W - 2:20P - 3:35P,Fitzpatrick Hall of Eng. 356A
sp2021,CSE60445-01,Hardware for Learning,3,8,32507,M W - 2:20P - 3:35P,Fitzpatrick Hall of Eng. 356A
sp2021,CSE40601-02,Computing Service Projects,1,24,32855,M W F - 2:00P - 4:00P,ONLINE COURSE
sp2021,CSE30332-01,Programming Paradigms,3,41,22193,M W F - 5:40P - 6:30P,Jordan Hall of Science 101
sp2021,CSE40567-01,Computer Security,3,33,24528,T R - 12:45P - 2:00P,ONLINE COURSE
sp2021,CSE60567-01,Computer Security,3,2,24529,T R - 12:45P - 2:00P,ONLINE COURSE
sp2021,CSE24111-02,Intro to Arduino Programming,1,18,32858,T R - 3:00P - 4:30P,ONLINE COURSE
sp2021,CSE40883-01,Introduction to Droid Building,3,24,26068,M - 3:55P - 6:40P,Stinson Remick Hall 212
sp2021,CSE40982-01,Interactive Dialogue Systems,3,30,31244,T R - 2:20P - 3:35P,DeBartolo Hall 131
sp2021,CSE40113-01,Design/Analysis of Algorithms,3,54,24527,T R - 2:20P - 3:35P,ONLINE COURSE
sp2021,CSE21312-01,Data Structures Lab,0,30,25095,M - 3:30P - 4:20P,Cushing Hall of Engineering 303
sp2021,CSE21312-02,Data Structures Lab,0,30,25096,M - 4:30P - 5:20P,Cushing Hall of Engineering 303
sp2021,CSE21312-03,Data Structures Lab,0,22,25097,T - 2:30P - 3:20P,DeBartolo Hall 228
sp2021,CSE21312-04,Data Structures Lab,0,22,25094,T - 3:30P - 4:20P,DeBartolo Hall 228
sp2021,CSE21312-05,Data Structures Lab,0,22,32228,T - 4:30P - 5:20P,DeBartolo Hall 228
sp2021,CSE21312-06,Data Structures Lab,0,25,33555,M - 2:30P - 3:20P,Cushing Hall of Engineering 303
sp2021,CSE40457-01,High-Level Synthesis,3,0,29069,T R - 11:10A - 12:25P,DeBartolo Hall 213
sp2021,CSE20312-01,Data Structures,4,136,26067,T R - 12:45P - 2:00P,Stepan Center 101
sp2021,CSE60321-01,Advanced Computer Architecture,3,35,21085,T R - 11:10A - 12:25P,Bond Hall 104
sp2021,CSE30151-01,Theory of Computing,3,70,20173,T R - 2:20P - 3:35P,ONLINE COURSE
sp2021,CSE40814-01,Mobile Computing,3,27,32502,M W F - 9:10A - 10:00A,Galvin Life Science Center 283
sp2021,CSE40625-01,Machine Learning,3,36,25190,M W - 12:45P - 2:00P,Corbett Family Hall E720
sp2021,CSE60625-01*,Adv Topics in Machine Learning,3,24,25192,M W - 12:45P - 2:00P,Corbett Family Hall E720
sp2021,CSE60685-01,Machine Learn'g - Embedded Sys,3,0,29070,T R - 9:35A - 10:50A,Bond Hall 104
sp2021,CSE20110-01,Discrete Mathematics,3,52,31252,M W F - 9:10A - 10:00A,Eck ND Visitors Center 125
sp2021,CSE40655-01,Tech Concepts of Visual FX,3,46,22134,M W F - 2:30P - 3:20P,Fitzpatrick Hall of Eng. B19
sp2021,CSE60655-01,Tech Concepts of Visual FX,3,0,23065,M W F - 2:30P - 3:20P,Fitzpatrick Hall of Eng. B19
sp2021,CSE30341-01,Operating System Principles,3,84,20169,T R - 9:35A - 10:50A,DeBartolo Hall 155
sp2021,CSE40333-01*,Mobile Application Design,3,31,31248,M W - 12:45P - 2:00P,South Dining Hall 203
sp2021,CSE40822-01,Cloud Computing,3,31,31246,M W F - 11:40A - 12:30P,DeBartolo Hall 129
sp2021,CSE60822-01,Cloud Computing,3,4,33233,M W F - 11:40A - 12:30P,DeBartolo Hall 129
sp2021,CSE10102-01,Elements of Computing II,3,20,24558,T R - 5:30P - 6:45P,DeBartolo Hall 102
sp2021,CSE40166-01,Computer Graphics,3,36,31249,T R - 11:10A - 12:25P,DeBartolo Hall 138
sp2021,CSE98995-32,Non-resident Thesis,9,10,24426,TBA,TBA
sp2021,CSE30264-01,Computer Networks,3,40,33282,M W - 12:45P - 2:00P,ONLINE COURSE
sp2021,CSE30246-01,Database Concepts,3,85,31250,M W F - 9:10A - 10:00A,Hesburgh Library 107
sp2021,CSE60130-01,Finite Elements in Engineering,3,5,23331,T R - 5:30P - 6:45P,DeBartolo Hall 141
sp2021,CSE40693-01*,Modern Web Development,3,24,27114,T R - 3:55P - 5:10P,Bond Hall 308
sp2021,CSE10101-01,Elements of Computing I,3,29,28947,M W - 3:55P - 5:10P,McCourtney Hall B01
fa2021,CSE40923-01,Case Stud. - Comp-Based Entrep,3,79,13653,W F - 3:30P - 4:45P,DeBartolo Hall 155
fa2021,CSE60923-01,Case Stud. - Comp-Based Entrep,3,3,13654,W F - 3:30P - 4:45P,DeBartolo Hall 155
fa2021,CSE21311-01,Fundamentals of Computing Lab,0,31,14466,M - 3:00P - 3:50P,Fitzpatrick Hall of Eng. B19
fa2021,CSE21311-02,Fundamentals of Computing Lab,0,40,14467,M - 4:00P - 4:50P,Fitzpatrick Hall of Eng. B19
fa2021,CSE21311-03,Fundamentals of Computing Lab,0,31,14468,M - 5:00P - 5:50P,Fitzpatrick Hall of Eng. B19
fa2021,CSE20311-01,Fundamentals of Computing,4,85,14465,M W F - 9:25A - 10:15A,DeBartolo Hall 126
fa2021,CSE30341-01,Operating System Principles,3,70,14753,T R - 9:30A - 10:45A,Bond Hall 104
fa2021,CSE30341-02,Operating System Principles,3,10,15448,T R - 9:30A - 10:45A,Bond Hall 104
fa2021,CSE30872-01,Programming Challenges,3,15,14928,M W F - 11:30A - 12:20P,DeBartolo Hall 125
fa2021,CSE40171-01,AI and Social Good,3,16,15339,M W - 3:30P - 4:45P,DeBartolo Hall 203
fa2021,CSE60171-01,AI and Social Good,3,10,18352,M W - 3:30P - 4:45P,DeBartolo Hall 203
fa2021,CSE40113-01,Design/Analysis of Algorithms,3,85,10873,T R - 12:30P - 1:45P,DeBartolo Hall 101
fa2021,CSE40113-02,Design/Analysis of Algorithms,3,3,15056,T R - 12:30P - 1:45P,DeBartolo Hall 101
fa2021,CSE40657-01,Natural Language Processing,3,19,21096,M W F - 11:30A - 12:20P,DeBartolo Hall 224
fa2021,CSE40535-01,Computer Vision,3,40,14754,M W F - 12:50P - 1:40P,DeBartolo Hall 320
fa2021,CSE60535-01*,Computer Vision,3,10,14845,M W F - 12:50P - 1:40P,DeBartolo Hall 320
fa2021,CSE40937-01,In-Memory Computing,3,5,21219,M W - 2:00P - 3:15P,DeBartolo Hall 209
fa2021,CSE60937-01,In-Memory Computing,3,25,21098,M W - 2:00P - 3:15P,DeBartolo Hall 209
fa2021,CSE60947-01,Cross-Layer Design Methods,3,20,18467,M W - 2:00P - 3:15P,DeBartolo Hall 203
fa2021,CSE63801-01,Research Seminar I,1,75,10052,R - 3:30P - 4:45P,DeBartolo Hall 102
fa2021,CSE40773-01,S/W Dev for UAV/UGV,3,30,17915,W - 3:30P - 6:15P,DEPARTMENTAL SPACE
fa2021,CSE60773-01,Software Development for UAS,3,5,17984,W - 3:30P - 6:15P,DEPARTMENTAL SPACE
fa2021,CSE40647-01,Data Science,3,38,13652,T R - 2:00P - 3:15P,DeBartolo Hall 141
fa2021,CDT40640-01,Data Science,3,10,14515,T R - 2:00P - 3:15P,DeBartolo Hall 141
fa2021,CSE21221-01,Logic Design Laboratory,0,30,14844,W - 2:00P - 3:15P,Fitzpatrick Hall of Eng. B19
fa2021,CSE21221-02,Logic Design Laboratory,0,30,14843,W - 3:30P - 4:45P,Fitzpatrick Hall of Eng. B19
fa2021,CSE20221-01,Logic Design,4,80,14751,T R - 12:30P - 1:45P,DeBartolo Hall 140
fa2021,CSE40622-01,Cryptography,3,43,16920,M W - 12:30P - 1:45P,DeBartolo Hall 317
fa2021,CSE40462-01,VLSI Circuit Design,3,30,20816,T R - 2:00P - 3:15P,DeBartolo Hall 120
fa2021,CSE46101-02,Directed Readings,3,1,18681,TBA,TBA
fa2021,CSE60462-01,VLSI Circuit Design,3,10,20819,T R - 2:00P - 3:15P,DeBartolo Hall 120
fa2021,CSE30332-01,Programming Paradigms,3,80,14752,M W F - 2:00P - 2:50P,DeBartolo Hall 136
fa2021,CSE40883-01,Introduction to Droid Building,3,24,16332,M - 3:30P - 6:15P,DEPARTMENTAL SPACE
fa2021,CSE20289-01,Systems Programming,3,40,18025,M W F - 11:30A - 12:20P,Geddes Hall B036
fa2021,CSE40424-01,Human Computer Interaction,3,30,16346,M W F - 3:30P - 4:20P,Geddes Hall B036
fa2021,CSE60424-01,Human Computer Interaction,3,4,16449,M W F - 3:30P - 4:20P,Geddes Hall B036
fa2021,CSE20110-01,Discrete Mathematics,3,90,10164,T R - 9:30A - 10:45A,DeBartolo Hall 126
fa2021,CSE21312-01,Data Structures Lab,0,30,17739,T - 2:00P - 2:50P,Fitzpatrick Hall of Eng. B19
fa2021,CSE21312-02,Data Structures Lab,0,30,17740,T - 3:30P - 4:20P,Fitzpatrick Hall of Eng. B19
fa2021,CSE20133-01,Intro to Computing EE Majors,3,79,14104,M W F - 9:25A - 10:15A,DeBartolo Hall 129
fa2021,CSE20232-01,C/C++ Programming,3,20,13210,M W F - 9:25A - 10:15A,DeBartolo Hall 129
fa2021,CSE20312-01,Data Structures,4,75,16919,M W F - 10:30A - 11:20A,DeBartolo Hall 129
fa2021,CSE31321-01,Computer Architecture Lab,0,115,10677,TBA,TBA
fa2021,CSE30321-01,Computer Architecture,4,100,10676,T R - 11:00A - 12:15P,DeBartolo Hall 141
fa2021,CSE30321-02,Computer Architecture,4,3,15447,T R - 11:00A - 12:15P,DeBartolo Hall 141
fa2021,CSE30125-01,Computational Methods,3,4,12947,T R - 2:00P - 3:15P,DeBartolo Hall 102
fa2021,CSE40175-01,Ethical & Professional Issues,3,75,14338,T R - 11:00A - 12:15P,DeBartolo Hall 136
fa2021,CDT40630-01,Ethical & Professional Issues,3,75,14500,T R - 11:00A - 12:15P,DeBartolo Hall 136
fa2021,CSE40522-01,CPEG Capstone Design,4,25,14921,M W F - 8:20A - 9:10A,DeBartolo Hall 204
fa2021,CSE30151-01,Theory of Computing,3,80,14337,T R - 12:30P - 1:45P,DeBartolo Hall 131
fa2021,CSE30264-01,Computer Networks,3,50,13303,M W - 12:30P - 1:45P,Pasquerilla Center 107
fa2021,CSE60641-01,Graduate Operating Systems,3,40,11324,T R - 9:30A - 10:45A,Hayes Healy Center 129
fa2021,CSE40625-01,Machine Learning,3,40,20817,M W F - 11:30A - 12:20P,DeBartolo Hall 120
fa2021,CSE40771-01,Distributed Systems,3,40,21215,M W F - 9:25A - 10:15A,DeBartolo Hall 210
fa2021,CSE60771-01,Distributed Systems,3,5,21308,M W F - 9:25A - 10:15A,DeBartolo Hall 210
fa2021,CSE10101-01,Elements of Computing I,3,32,13839,T R - 2:00P - 3:15P,DeBartolo Hall 136
fa2021,CSE40838-01,Data Visualization,3,30,20818,T R - 2:00P - 3:15P,Geddes Hall B036
fa2021,CSE60838-01,Data Visualization,3,5,20820,T R - 2:00P - 3:15P,Geddes Hall B036
fa2021,CSE30246-01,Database Concepts,3,60,21216,M W F - 9:25A - 10:15A,DeBartolo Hall 101
fa2021,CSE60876-01,Research Methods,3,24,18054,T R - 11:00A - 12:15P,DeBartolo Hall 201
fa2021,CSE40693-01,Modern Web Development,3,24,18117,T R - 3:30P - 4:45P,Crowley Hall 108
fa2021,THEO12001-01,Discussion - Foundatns of Theo,0,25,19919,F - 10:30A - 11:20A,Haggar Hall 212
fa2021,THEO12001-02,Discussion - Foundatns of Theo,0,25,19918,F - 10:30A - 11:20A,DeBartolo Hall 246
fa2021,THEO12001-03,Discussion - Foundatns of Theo,0,25,19917,F - 10:30A - 11:20A,DeBartolo Hall 242
fa2021,THEO12001-04,Discussion - Foundatns of Theo,0,25,19916,F - 10:30A - 11:20A,Malloy Hall 220
fa2021,THEO67001-01,MTS Colloquium,0,36,10236,TBA,TBA
fa2021,THEO67010-01,Supervised Internship,0,16,11960,TBA,TBA
sp2021,THEO12001-01,Discussion - Foundatns of Theo,0,20,31577,F - 10:25A - 11:15A,South Dining Hall 106
sp2021,THEO12001-02,Discussion - Foundatns of Theo,0,20,31576,F - 10:25A - 11:15A,Bond Hall 104
sp2021,THEO12001-04,Discussion - Foundatns of Theo,0,20,31574,F - 10:25A - 11:15A,Bond Hall 325
sp2021,THEO27841-01,Jerusalem Pre-Course,0,31,27681,T - 5:40P - 7:10P,DEPARTMENTAL ASSIGNS
sp2021,THEO62002-01,Field Ed II Practicum,0,27,28382,TBA,TBA
sp2021,THEO67001-01,MTS Colloquium,0,45,22130,M - 4:30P - 5:30P,Hesburgh Library 108
sp2021,THEO88401-01,Liturgy Dissertation Rsch Sem,0,15,20291,F - 3:55P - 6:40P,ONLINE COURSE
fa2021,THEO33858-01,Soc Con Sem: Int'l Issues,1,60,11350,TBA,TBA
fa2021,THEO33950-01,Soc Con Sem: Appalachia,1,122,20708,M - 7:00P - 8:30P,DeBartolo Hall 101
fa2021,THEO33951-01,Soc Con Sem: U.S. Healthcare,1,8,20709,T - 5:05P - 6:20P,Geddes Hall B034
fa2021,THEO33952-01,Soc Con Sem: Social Change,1,30,12765,TBA,TBA
fa2021,THEO33962-01,Soc Con Sem: Gospel of Life,1,5,10091,F - 10:30A - 11:45A,Corbett Family Hall E202
fa2021,THEO33965-01,Soc Con Sem: Orgnzg Power&Hope,1,6,15424,R - 5:05P - 6:20P,Geddes Hall 233
fa2021,THEO33975-01,Poverty & Development in Chile,1,5,11759,T - 6:00P - 8:30P,Geddes Hall 101
fa2021,THEO46001-06,Directed Readings,1,3,15595,TBA,TBA
fa2021,THEO48006-01,Honors Colloquium,1,11,11674,T - 12:30P - 1:30P,DEPARTMENTAL SPACE
fa2021,THEO48006-02,Honors Colloquium,1,11,15444,T - 5:00P - 6:00P,DEPARTMENTAL SPACE
fa2021,THEO60945-01,Pastoral Administration,1,16,11315,W - 3:30P - 4:45P,DeBartolo Hall 304
fa2021,THEO60952-01,Fundamentals of Pastoral Care,1,14,11123,F - 9:00A - 10:15A,DeBartolo Hall 332
fa2021,THEO63002-01,Theology en Espanol,1,19,17958,F - 12:15P - 1:05P,O'Shaughnessy Hall 117
fa2021,THEO67601-01,Formation for Lay Ministry,1,30,14501,M - 5:15P - 8:00P,DEPARTMENTAL SPACE
fa2021,THEO81215-01,Arabic Qur'an Circle,1,6,14974,F - 9:00A - 10:00A,DEPARTMENTAL SPACE
fa2021,THEO98200-01,Dissertation Completion,1,10,13512,TBA,TBA
sp2021,THEO33963-01,SCS: South Bend Urban Plunge,1,5,21099,T - 5:30P - 6:45P,Geddes Hall B34/36
sp2021,THEO33968-01,Soc Con Sem: L'Arche C'munty,1,2,21298,F - 10:25A - 11:40A,Geddes Hall 233
sp2021,THEO33970-01,Global Issues,1,50,21211,R - 7:00P - 8:30P,Bond Hall 220
sp2021,THEO43001-01,Proseminar,1,75,20670,T - 5:40P - 6:30P,ONLINE COURSE
sp2021,THEO43001-02,Proseminar,1,1,30044,TBA,TBA
sp2021,THEO46002-01,Directed Readings,1,2,20343,TBA,TBA
sp2021,THEO46002-02,Directed Readings,1,5,20235,TBA,TBA
sp2021,THEO46002-06,Directed Readings,1,1,27414,TBA,TBA
sp2021,THEO60951-01,Reconciliation Ministry,1,19,20550,T - 11:10A - 12:25P,DeBartolo Hall 116
sp2021,THEO60957-01,Pastoral Administration 2,1,15,31450,W - 3:55P - 5:10P,Fitzpatrick Hall of Eng. 356
sp2021,THEO60966-01,Forming Disciples in CST,1,43,32207,TBA,ONLINE COURSE
sp2021,THEO60999-01,Teaching Theo: Adv. Concepts,1,25,32145,TBA,ONLINE COURSE
sp2021,THEO63002-01,Theology en Espanol,1,19,32359,M - 2:30P - 3:20P,DeBartolo Hall 312
sp2021,THEO67601-01,Formation for Lay Ministry,1,30,25321,M - 5:15P - 8:00P,DEPARTMENTAL SPACE
sp2021,THEO78600-01,Nonresident Thesis Research,1,17,20687,TBA,TBA
sp2021,THEO78600-02,Nonresident Thesis Research,1,5,27442,TBA,TBA
sp2021,THEO81215-01,Arabic Qur'an Circle,1,5,27237,F - 9:00A - 10:00A,DeBartolo Hall 206
sp2021,THEO83015-01,Medieval Latin Reading,1,7,24592,M - 11:25A - 12:15P,DeBartolo Hall 202
sp2021,THEO98200-01,Dissertation Completion,1,10,24053,TBA,TBA
fa2021,THEO48005-01,Honors Research,2,11,11673,F - 5:05P - 5:55P,DEPARTMENTAL SPACE
fa2021,THEO60946-01,Liturgcl Celebration/Minstry I,2,19,10510,W - 2:15P - 5:00P,DEPARTMENTAL ASSIGNS
fa2021,THEO60948-01,Preaching I,2,18,10238,F - 1:30P - 4:30P,Malloy Hall 320
fa2021,THEO60949-01,Preaching II,2,12,10898,F - 9:00A - 12:00P,Malloy Hall 320
sp2021,THEO60947-01,Liturgcl Celebration/Minsty II,2,15,20765,W - 9:35A - 12:20P,DEPARTMENTAL SPACE
sp2021,THEO60950-01,Preaching III,2,15,20254,F - 9:00A - 11:30A,Malloy Hall 320
fa2021,THEO10000-01,Found of Theo: Biblcl Historcl,3,100,19928,M W - 10:30A - 11:20A,Haggar Hall 117
fa2021,THEO10001-01,Found of Theo: Biblcl Historcl,3,40,11121,T R - 9:30A - 10:45A,DeBartolo Hall 207
fa2021,THEO10001-02,Found of Theo: Biblcl Historcl,3,40,11122,T R - 9:30A - 10:45A,O'Shaughnessy Hall 118
fa2021,THEO10001-03,Found of Theo: Biblcl Historcl,3,120,10730,T R - 11:00A - 12:15P,DeBartolo Hall 102
fa2021,THEO10001-04,Found of Theo: Biblcl Historcl,3,40,11239,T R - 11:00A - 12:15P,Riley Hall 200
fa2021,THEO10001-05,Found of Theo: Biblcl Historcl,3,40,11249,T R - 12:30P - 1:45P,Bond Hall G09
fa2021,THEO10001-06,Found of Theo: Biblcl Historcl,3,40,10662,T R - 2:00P - 3:15P,O'Shaughnessy Hall 109
fa2021,THEO10001-07,Found of Theo: Biblcl Historcl,3,40,11281,T R - 2:00P - 3:15P,Bond Hall G09
fa2021,THEO10001-08,Found of Theo: Biblcl Historcl,3,30,11306,M W F - 8:20A - 9:10A,DeBartolo Hall 224
fa2021,THEO10001-09,Found of Theo: Biblcl Historcl,3,30,10443,M W F - 9:25A - 10:15A,DeBartolo Hall 224
fa2021,THEO10001-10,Found of Theo: Biblcl Historcl,3,40,12369,M W F - 9:25A - 10:15A,O'Shaughnessy Hall 115
fa2021,THEO10001-11,Found of Theo: Biblcl Historcl,3,30,13356,M W F - 9:25A - 10:15A,O'Shaughnessy Hall 201
fa2021,THEO10001-12,Found of Theo: Biblcl Historcl,3,30,14460,M W F - 9:25A - 10:15A,DeBartolo Hall B011
fa2021,THEO10001-13,Found of Theo: Biblcl Historcl,3,15,18574,M W F - 10:30A - 11:20A,DeBartolo Hall 330
fa2021,THEO10001-14,Found of Theo: Biblcl Historcl,3,30,19927,M W F - 11:30A - 12:20P,O'Shaughnessy Hall 201
fa2021,THEO10001-15,Found of Theo: Biblcl Historcl,3,30,19925,M W F - 12:50P - 1:40P,Haggar Hall 212
fa2021,THEO10001-16,Found of Theo: Biblcl Historcl,3,30,19924,M W F - 12:50P - 1:40P,DeBartolo Hall 232
fa2021,THEO10001-17,Found of Theo: Biblcl Historcl,3,30,19923,M W F - 2:00P - 2:50P,Haggar Hall 212
fa2021,THEO10001-18,Found of Theo: Biblcl Historcl,3,30,19922,M W F - 2:00P - 2:50P,O'Shaughnessy Hall 109
fa2021,THEO10001-19,Found of Theo: Biblcl Historcl,3,40,19926,M W F - 2:00P - 2:50P,Bond Hall G09
fa2021,THEO10002-01,Found of Theo: Biblcl Historcl,3,99,13135,T R - 9:30A - 10:45A,Hesburgh Library 107
fa2021,THEO10002-02,Found of Theo: Biblcl Historcl,3,38,13137,T R - 12:30P - 1:45P,Jenkins and Nanovic Hall B062
fa2021,THEO10002-03,Found of Theo: Biblcl Historcl,3,40,13134,T R - 2:00P - 3:15P,Corbett Family Hall E378
fa2021,THEO10002-04,Found of Theo: Biblcl Historcl,3,40,13136,T R - 3:30P - 4:45P,Geddes Hall B034
fa2021,THEO10002-05,Found of Theo: Biblcl Historcl,3,40,13133,M W - 9:30A - 10:45A,Geddes Hall B034
fa2021,THEO10002-06,Found of Theo: Biblcl Historcl,3,29,19921,M W - 11:00A - 12:15P,Flanner Hall 114
fa2021,THEO10002-07,Found of Theo: Biblcl Historcl,3,40,19920,M W - 2:00P - 3:15P,Flanner Hall 114
fa2021,THEO10801-01,Foundations (Fundamentals),3,25,14102,M W F - 12:50P - 1:40P,DeBartolo Hall 246
fa2021,THEO13002-01,Hnrs Fdt of Theo: Biblcl/Hist,3,18,13139,M W - 9:30A - 10:45A,O'Shaughnessy Hall 202
fa2021,THEO13002-02,Hnrs Fdt of Theo: Biblcl/Hist,3,18,13138,M W - 12:30P - 1:45P,Coleman Morse Center 330
fa2021,THEO13002-03,Hnrs Fdt of Theo: Biblcl/Hist,3,18,15481,T R - 9:30A - 10:45A,DeBartolo Hall 143
fa2021,THEO13002-04,Hnrs Fdt of Theo: Biblcl/Hist,3,18,19915,T R - 12:30P - 1:45P,DeBartolo Hall 334
fa2021,THEO13183-01,Theology University Seminar,3,15,11404,M W - 9:30A - 10:45A,Corbett Family Hall E245
fa2021,THEO13183-02,Theology University Seminar,3,15,11403,T R - 12:30P - 1:45P,DeBartolo Hall 335
fa2021,THEO13183-03,Theology University Seminar,3,15,13729,T R - 12:30P - 1:45P,DeBartolo Hall 347
fa2021,THEO20110-01,"Creation, Ecology, Technology",3,8,19914,M W - 3:30P - 4:45P,O'Shaughnessy Hall 107
fa2021,THEO20110-02,"Creation, Ecology, Technology",3,8,19912,M W - 3:30P - 4:45P,O'Shaughnessy Hall 107
fa2021,THEO20110-03,"Creation, Ecology, Technology",3,10,19911,M W - 3:30P - 4:45P,O'Shaughnessy Hall 107
fa2021,THEO20110-04,"Creation, Ecology, Technology",3,5,19910,M W - 3:30P - 4:45P,O'Shaughnessy Hall 107
fa2021,THEO20112-01,"Bible, Black Church, Blues",3,3,17531,T R - 11:00A - 12:15P,Main Building 303
fa2021,THEO20112-02,"Bible, Black Church, Blues",3,3,17533,T R - 11:00A - 12:15P,Main Building 303
fa2021,THEO20112-03,"Bible, Black Church, Blues",3,3,17534,T R - 11:00A - 12:15P,Main Building 303
fa2021,THEO20112-04,"Bible, Black Church, Blues",3,4,17535,T R - 11:00A - 12:15P,Main Building 303
fa2021,THEO20204-01,Jewish-Xian Dispute-Dialogue,3,12,19909,M W - 9:30A - 10:45A,Flanner Hall 114
fa2021,THEO20204-02,Jewish-Xian Dispute-Dialogue,3,17,19908,M W - 9:30A - 10:45A,Flanner Hall 114
fa2021,THEO20204-03,Jewish-Xian Dispute-Dialogue,3,11,19907,M W - 9:30A - 10:45A,Flanner Hall 114
fa2021,THEO20204-04,Jewish-Xian Dispute-Dialogue,3,5,19906,M W - 9:30A - 10:45A,Flanner Hall 114
fa2021,THEO20229-01,Christianity & Mission,3,12,20714,M W - 12:30P - 1:45P,Geddes Hall B034
fa2021,THEO20229-02,Christianity & Mission,3,12,20715,M W - 12:30P - 1:45P,Geddes Hall B034
fa2021,THEO20229-03,Christianity & Mission,3,11,20716,M W - 12:30P - 1:45P,Geddes Hall B034
fa2021,THEO20229-04,Christianity & Mission,3,5,20717,M W - 12:30P - 1:45P,Geddes Hall B034
fa2021,THEO20262-01,The Person of Christ,3,9,16166,T R - 3:30P - 4:45P,O'Shaughnessy Hall 117
fa2021,THEO20262-02,The Person of Christ,3,8,16167,T R - 3:30P - 4:45P,O'Shaughnessy Hall 117
fa2021,THEO20262-03,The Person of Christ,3,13,16168,T R - 3:30P - 4:45P,O'Shaughnessy Hall 117
fa2021,THEO20262-04,The Person of Christ,3,15,16406,T R - 3:30P - 4:45P,O'Shaughnessy Hall 117
fa2021,THEO20264-01,Saints & Warfare,3,12,15332,T R - 2:00P - 3:15P,DeBartolo Hall 310
fa2021,THEO20264-02,Saints & Warfare,3,10,15422,T R - 2:00P - 3:15P,DeBartolo Hall 310
fa2021,THEO20264-03,Saints & Warfare,3,9,16169,T R - 2:00P - 3:15P,DeBartolo Hall 310
fa2021,THEO20264-04,Saints & Warfare,3,8,16170,T R - 2:00P - 3:15P,DeBartolo Hall 310
fa2021,THEO20425-01,Nuptial Mystery,3,50,14489,M W - 12:30P - 1:45P,DeBartolo Hall 155
fa2021,THEO20425-02,Nuptial Mystery,3,65,16171,M W - 12:30P - 1:45P,DeBartolo Hall 155
fa2021,THEO20425-03,Nuptial Mystery,3,75,16172,M W - 12:30P - 1:45P,DeBartolo Hall 155
fa2021,THEO20425-04,Nuptial Mystery,3,60,16393,M W - 12:30P - 1:45P,DeBartolo Hall 155
fa2021,THEO20606-01,Theology of Marriage,3,15,13140,T R - 9:30A - 10:45A,O'Shaughnessy Hall 117
fa2021,THEO20606-02,Theology of Marriage,3,9,16173,T R - 9:30A - 10:45A,O'Shaughnessy Hall 117
fa2021,THEO20606-03,Theology of Marriage,3,8,16174,T R - 9:30A - 10:45A,O'Shaughnessy Hall 117
fa2021,THEO20606-04,Theology of Marriage,3,8,16405,T R - 9:30A - 10:45A,O'Shaughnessy Hall 117
fa2021,THEO20619-01,"Rich, Poor, and War",3,12,19905,M W - 2:00P - 3:15P,Geddes Hall B034
fa2021,THEO20619-02,"Rich, Poor, and War",3,7,19903,M W - 2:00P - 3:15P,Geddes Hall B034
fa2021,THEO20619-03,"Rich, Poor, and War",3,7,19902,M W - 2:00P - 3:15P,Geddes Hall B034
fa2021,THEO20619-04,"Rich, Poor, and War",3,10,19901,M W - 2:00P - 3:15P,Geddes Hall B034
fa2021,THEO20625-01,Discipleship: Loving Action,3,17,12099,M W - 2:00P - 3:15P,Main Building 404
fa2021,THEO20639-01,"Theology, Ethics, and Business",3,15,14384,T R - 9:30A - 10:45A,Haggar Hall 117
fa2021,THEO20639-02,"Theology, Ethics, and Business",3,9,16175,T R - 9:30A - 10:45A,Haggar Hall 117
fa2021,THEO20639-03,"Theology, Ethics, and Business",3,10,16176,T R - 9:30A - 10:45A,Haggar Hall 117
fa2021,THEO20639-04,"Theology, Ethics, and Business",3,5,16226,T R - 9:30A - 10:45A,Haggar Hall 117
fa2021,THEO20672-01,Sustainability @ ND/SMC/HCC,3,5,17555,T - 2:20P - 5:20P,West Lake Hall 224
fa2021,THEO20672-02,Sustainability @ ND/SMC/HCC,3,4,21233,T - 2:20P - 5:20P,West Lake Hall 224
fa2021,THEO20672-03,Sustainability @ ND/SMC/HCC,3,4,21234,T - 2:20P - 5:20P,West Lake Hall 224
fa2021,THEO20672-04,Sustainability @ ND/SMC/HCC,3,5,21235,T - 2:20P - 5:20P,West Lake Hall 224
fa2021,THEO20673-01,Reconciliation,3,5,16177,M W - 12:30P - 1:45P,DeBartolo Hall 203
fa2021,THEO20673-02,Reconciliation,3,5,16213,M W - 12:30P - 1:45P,DeBartolo Hall 203
fa2021,THEO20673-03,Reconciliation,3,4,16214,M W - 12:30P - 1:45P,DeBartolo Hall 203
fa2021,THEO20673-04,Reconciliation,3,4,16227,M W - 12:30P - 1:45P,DeBartolo Hall 203
fa2021,THEO20677-01,Ethics & Honorable Business,3,5,20754,M W - 3:30P - 4:45P,Mendoza College of Business 121
fa2021,THEO20808-01,Theology from the Margins,3,10,19896,T R - 12:30P - 1:45P,DeBartolo Hall 224
fa2021,THEO20808-02,Theology from the Margins,3,8,19895,T R - 12:30P - 1:45P,DeBartolo Hall 224
fa2021,THEO20808-03,Theology from the Margins,3,7,19894,T R - 12:30P - 1:45P,DeBartolo Hall 224
fa2021,THEO20808-04,Theology from the Margins,3,5,19893,T R - 12:30P - 1:45P,DeBartolo Hall 224
fa2021,THEO20811-01,Jesus and Salvation,3,12,17564,M W - 11:00A - 12:15P,Geddes Hall B034
fa2021,THEO20811-02,Jesus and Salvation,3,12,17565,M W - 11:00A - 12:15P,Geddes Hall B034
fa2021,THEO20811-03,Jesus and Salvation,3,11,17566,M W - 11:00A - 12:15P,Geddes Hall B034
fa2021,THEO20811-04,Jesus and Salvation,3,5,17567,M W - 11:00A - 12:15P,Geddes Hall B034
fa2021,THEO20828-01,Christianity & World Religions,3,7,12094,M W F - 8:20A - 9:10A,DeBartolo Hall 116
fa2021,THEO20828-02,Christianity & World Religions,3,7,15333,M W F - 8:20A - 9:10A,DeBartolo Hall 116
fa2021,THEO20828-03,Christianity & World Religions,3,7,15423,M W F - 8:20A - 9:10A,DeBartolo Hall 116
fa2021,THEO20828-04,Christianity & World Religions,3,15,16230,M W F - 8:20A - 9:10A,DeBartolo Hall 116
fa2021,THEO20828-05,Christianity & World Religions,3,8,19892,M W F - 9:25A - 10:15A,DeBartolo Hall 116
fa2021,THEO20828-06,Christianity & World Religions,3,8,19891,M W F - 9:25A - 10:15A,DeBartolo Hall 116
fa2021,THEO20828-07,Christianity & World Religions,3,7,19890,M W F - 9:25A - 10:15A,DeBartolo Hall 116
fa2021,THEO20828-08,Christianity & World Religions,3,17,19889,M W F - 9:25A - 10:15A,DeBartolo Hall 116
fa2021,THEO20830-01,Islam and Christian Theology,3,35,12776,T R - 3:30P - 4:45P,DeBartolo Hall 155
fa2021,THEO20830-02,Islam and Christian Theology,3,27,14870,T R - 3:30P - 4:45P,DeBartolo Hall 155
fa2021,THEO20830-03,Islam and Christian Theology,3,28,16181,T R - 3:30P - 4:45P,DeBartolo Hall 155
fa2021,THEO20830-04,Islam and Christian Theology,3,9,16182,T R - 3:30P - 4:45P,DeBartolo Hall 155
fa2021,THEO20840-01,Theology & Natural Sciences,3,10,17576,M W F - 10:30A - 11:20A,DeBartolo Hall 224
fa2021,THEO20840-02,Theology & Natural Sciences,3,8,17577,M W F - 10:30A - 11:20A,DeBartolo Hall 224
fa2021,THEO20840-03,Theology & Natural Sciences,3,7,17578,M W F - 10:30A - 11:20A,DeBartolo Hall 224
fa2021,THEO20840-04,Theology & Natural Sciences,3,5,17579,M W F - 10:30A - 11:20A,DeBartolo Hall 224
fa2021,THEO20847-01,Christianity & Buddhism,3,15,17584,T R - 2:00P - 3:15P,O'Shaughnessy Hall 116
fa2021,THEO20847-02,Christianity & Buddhism,3,9,17585,T R - 2:00P - 3:15P,O'Shaughnessy Hall 116
fa2021,THEO20847-03,Christianity & Buddhism,3,9,17586,T R - 2:00P - 3:15P,O'Shaughnessy Hall 116
fa2021,THEO20847-04,Christianity & Buddhism,3,5,17587,T R - 2:00P - 3:15P,O'Shaughnessy Hall 116
fa2021,THEO20847-05,Christianity & Buddhism,3,8,17588,M W F - 10:30A - 11:20A,DeBartolo Hall 232
fa2021,THEO20847-06,Christianity & Buddhism,3,8,17589,M W F - 10:30A - 11:20A,DeBartolo Hall 232
fa2021,THEO20847-07,Christianity & Buddhism,3,8,17590,M W F - 10:30A - 11:20A,DeBartolo Hall 232
fa2021,THEO20847-08,Christianity & Buddhism,3,5,17591,M W F - 10:30A - 11:20A,DeBartolo Hall 232
fa2021,THEO20888-01,"Science, Theology, & Creation",3,14,17960,M W F - 9:25A - 10:15A,Bond Hall G09
fa2021,THEO20888-02,"Science, Theology, & Creation",3,9,17961,M W F - 9:25A - 10:15A,Bond Hall G09
fa2021,THEO20888-03,"Science, Theology, & Creation",3,9,17962,M W F - 9:25A - 10:15A,Bond Hall G09
fa2021,THEO20888-04,"Science, Theology, & Creation",3,4,17971,M W F - 9:25A - 10:15A,Bond Hall G09
fa2021,THEO20888-05,"Science, Theology, & Creation",3,16,21135,M W F - 10:30A - 11:20A,Bond Hall G09
fa2021,THEO20888-06,"Science, Theology, & Creation",3,9,21136,M W F - 10:30A - 11:20A,Bond Hall G09
fa2021,THEO20888-07,"Science, Theology, & Creation",3,10,21137,M W F - 10:30A - 11:20A,Bond Hall G09
fa2021,THEO20888-08,"Science, Theology, & Creation",3,5,21138,M W F - 10:30A - 11:20A,Bond Hall G09
fa2021,THEO20889-01,"God, Suffering, Evil",3,11,19887,T R - 9:30A - 10:45A,O'Shaughnessy Hall 114
fa2021,THEO20889-02,"God, Suffering, Evil",3,9,19886,T R - 9:30A - 10:45A,O'Shaughnessy Hall 114
fa2021,THEO20889-03,"God, Suffering, Evil",3,10,19885,T R - 9:30A - 10:45A,O'Shaughnessy Hall 114
fa2021,THEO20889-04,"God, Suffering, Evil",3,10,19884,T R - 9:30A - 10:45A,O'Shaughnessy Hall 114
fa2021,THEO30702-01,Islamic Theology,3,2,20712,M W - 3:30P - 4:45P,Main Building 404
fa2021,THEO33936-01,SSL: Kinship on the Margins,3,236,13646,TBA,TBA
fa2021,THEO33938-02,Smr Srv Lrn: Soc Issues Intl,3,70,13141,R - 6:30P - 7:45P,Geddes Hall B001
fa2021,THEO40002-01,Elementary Hebrew I,3,6,13154,M W - 2:00P - 3:15P,DeBartolo Hall 307
fa2021,THEO40004-01,Intermediate Hebrew,3,3,13357,M W - 11:00A - 12:15P,Flanner Hall 323
fa2021,THEO40101-01,Introduction to Old Testament,3,60,12321,M W - 8:00A - 9:15A,DeBartolo Hall 136
fa2021,THEO40131-01,"Life, Letters, Legacy of Paul",3,10,20750,T R - 11:00A - 12:15P,Malloy Hall 320
fa2021,THEO40201-01,Christian Theological Tradtn I,3,40,11770,M W - 9:30A - 10:45A,Jenkins and Nanovic Hall B071
fa2021,THEO40201-02,Christian Theological Tradtn I,3,33,11351,T R - 11:00A - 12:15P,Coleman Morse Center 330
fa2021,THEO40224-01,St. Maximus the Confessor,3,12,19881,T R - 12:30P - 1:45P,DeBartolo Hall 202
fa2021,THEO40239-01,Intro to Scholastic Theology,3,12,19879,T R - 2:00P - 3:15P,DeBartolo Hall 245
fa2021,THEO40294-01,U.S. Latino Catholicism,3,12,19875,T R - 12:30P - 1:45P,Corbett Family Hall E478
fa2021,THEO40425-01,Liturgical History,3,10,16188,M W - 9:30A - 10:45A,Hammes Mowbray Hall 319
fa2021,THEO40613-01,Catholic Social Teaching,3,5,18154,T R - 12:30P - 1:45P,DeBartolo Hall 223
fa2021,THEO40625-01,War Peace Catholic Imagination,3,4,20842,M W - 2:00P - 3:15P,DeBartolo Hall 206
fa2021,THEO40627-01,Catholicism and Politics,3,12,20911,T R - 9:30A - 10:45A,DeBartolo Hall 155
fa2021,THEO40632-01,Heart's Desire & Social Change,3,19,14385,T - 3:30P - 6:15P,Jenkins and Nanovic Hall B058
fa2021,THEO40641-01,Corp Gov & Catholic Soc Teachg,3,5,17029,M - 3:00P - 5:30P,Mendoza College of Business 203
fa2021,THEO40642-01,SSLP: Theology of Kinship,3,30,19872,TBA,TBA
fa2021,THEO40724-01,Improvising Peace,3,8,19871,F - 9:00A - 11:45A,Main Building 404
fa2021,THEO40807-01,Christian Spirituality,3,30,19869,M W - 12:30P - 1:45P,DeBartolo Hall 224
fa2021,THEO40823-01,Religion and Literature,3,25,19868,M W - 11:00A - 12:15P,O'Shaughnessy Hall 107
fa2021,THEO40828-01,Compar Rel Ethics: Budh/Christ,3,12,19867,T R - 11:00A - 12:15P,Geddes Hall B034
fa2021,THEO40852-01,"Theology, Race, Racism",3,10,19865,M W - 9:30A - 10:45A,Pasquerilla Center 116
fa2021,THEO60002-01,Elementary Hebrew I,3,6,11380,M W - 2:00P - 3:15P,DeBartolo Hall 307
fa2021,THEO60006-01,Intermediate Hebrew,3,6,11328,M W - 11:00A - 12:15P,Flanner Hall 323
fa2021,THEO60105-01,Introduction to Old Testament,3,11,12322,T R - 8:00A - 9:15A,Main Building 303
fa2021,THEO60105-02,Introduction to Old Testament,3,16,14461,T R - 8:00A - 9:15A,Main Building 303
fa2021,THEO60113-01,The Gospel of John,3,7,19863,T R - 9:30A - 10:45A,DeBartolo Hall 201
fa2021,THEO60113-02,The Gospel of John,3,20,19862,T R - 9:30A - 10:45A,DeBartolo Hall 201
fa2021,THEO60168-01,"Life, Letters, Legacy of Paul",3,17,17612,T R - 11:00A - 12:15P,Malloy Hall 320
fa2021,THEO60206-01,Catholic Reform,3,27,19861,M W - 11:00A - 12:15P,Main Building 303
fa2021,THEO60224-01,St. Maximus the Confessor,3,10,19880,T R - 12:30P - 1:45P,DeBartolo Hall 202
fa2021,THEO60246-01,U.S. Latino Catholicism,3,7,19873,T R - 12:30P - 1:45P,Corbett Family Hall E478
fa2021,THEO60250-01,Intro. to the Early Church,3,9,13591,M W - 12:30P - 1:45P,Main Building 303
fa2021,THEO60250-02,Intro. to the Early Church,3,16,14462,M W - 12:30P - 1:45P,Main Building 303
fa2021,THEO60283-01,Neoplatonism's Medieval Forms,3,8,20779,T R - 9:30A - 10:45A,Crowley Hall 107
fa2021,THEO60286-01,Christian Spirituality,3,27,19860,M W - 2:00P - 3:15P,DeBartolo Hall 224
fa2021,THEO60288-01,Intro to Scholastic Theology,3,8,19876,T R - 2:00P - 3:15P,DeBartolo Hall 245
fa2021,THEO60402-01,Liturgical History,3,8,16185,M W - 9:30A - 10:45A,Hammes Mowbray Hall 319
fa2021,THEO60404-01,Eucharist,3,20,16189,M W - 12:30P - 1:45P,Main Building 404
fa2021,THEO60468-01,African-American Singing Style,3,5,21331,M - 6:30P - 9:15P,O'Neill Hall of Music S306
fa2021,THEO60621-01,Compar Rel Ethics: Budh/Christ,3,12,19866,T R - 11:00A - 12:15P,Geddes Hall B034
fa2021,THEO60654-01,Moral Theology of Aquinas,3,25,19859,M W - 2:00P - 3:15P,Main Building 303
fa2021,THEO60702-01,Improvising Peace: Theo Pcbldg,3,11,19870,F - 9:00A - 11:45A,Main Building 404
fa2021,THEO60722-01,The Medieval Islamic World,3,5,21165,T - 2:20P - 4:50P,Flanner Hall 725
fa2021,THEO60724-01,"Religion, Technics, Human Dvlp",3,2,21009,T - 12:30P - 3:15P,Jenkins and Nanovic Hall B058
fa2021,THEO60801-01,Fundmntls Systematic Theology,3,10,10899,T R - 11:00A - 12:15P,Main Building 404
fa2021,THEO60801-02,Fundmntls Systematic Theology,3,17,14463,T R - 11:00A - 12:15P,Main Building 404
fa2021,THEO60811-01,Theologians of Grace,3,32,13647,T R - 9:30A - 10:45A,Riley Hall 200
fa2021,THEO60824-01,Christ the Beautiful,3,5,14333,T R - 8:00A - 9:15A,Malloy Hall 320
fa2021,THEO60824-02,Christ the Beautiful,3,18,15425,T R - 8:00A - 9:15A,Malloy Hall 320
fa2021,THEO60833-01,Christian Muslim Relations,3,23,19857,T R - 9:30A - 10:45A,Main Building 404
fa2021,THEO60835-01,Canon Law,3,13,11125,M - 1:45P - 3:25P,DEPARTMENTAL SPACE
fa2021,THEO60882-01,"Theology, Race, Racism",3,14,19864,M W - 9:30A - 10:45A,Pasquerilla Center 116
fa2021,THEO60884-01,The Trinity,3,27,19854,T R - 3:30P - 4:45P,Main Building 303
fa2021,THEO65931-01,Theo Integration for Ministry,3,14,14334,M W - 9:30A - 10:45A,Malloy Hall 320
fa2021,THEO65933-01,Evangelization and Catechesis,3,16,11124,M W - 11:00A - 12:15P,Malloy Hall 320
fa2021,THEO65939-01,"Leadership, Authority, Power",3,16,14510,T R - 2:00P - 3:15P,DeBartolo Hall 225
fa2021,THEO67014-01,Echo Field Placement,3,55,13252,TBA,TBA
fa2021,THEO67801-01,Faith and Traditions,3,10,13302,T R - 8:00A - 9:15A,Hesburgh Library 201C
fa2021,THEO83001-01,Intermediate Hebrew,3,6,11886,M W - 11:00A - 12:15P,Flanner Hall 323
fa2021,THEO83002-01,Advanced Hebrew,3,10,13592,W - 8:00A - 10:45A,DeBartolo Hall 307
fa2021,THEO83010-01,Intermediate Akkadian,3,10,19853,M W - 3:30P - 4:45P,DeBartolo Hall 307
fa2021,THEO83133-01,Elementary Ugaritic,3,10,19852,F - 9:00A - 11:45A,Main Building 303
fa2021,THEO83142-01,Early Christian Philology,3,15,19851,T - 12:30P - 3:15P,Malloy Hall 320
fa2021,THEO83143-01,Earliest Interp Genesis-Exodus,3,15,21225,R F - 12:30P - 3:15P,Malloy Hall 220
fa2021,THEO83219-01,Early Church Seminar,3,15,19850,R - 8:00A - 10:45A,O'Shaughnessy Hall 345
fa2021,THEO83262-01,Zohar & Kabbalah,3,15,19849,W - 12:30P - 3:15P,Corbett Family Hall E245
fa2021,THEO83401-01,Early Christian Liturgies,3,15,19847,W - 12:30P - 3:15P,Malloy Hall 320
fa2021,THEO83423-01,"Ritual, Ethics, Ethnography",3,15,19846,R - 12:30P - 3:15P,Malloy Hall 320
fa2021,THEO83655-01,Modern & Contmp Ethics: Prtsnt,3,15,19844,T - 8:00A - 10:45A,Coleman Morse Center 230
fa2021,THEO83661-01,Theology & Global Ethics,3,15,19843,W - 3:30P - 6:15P,Malloy Hall 320
fa2021,THEO83712-01,Universal Salvation,3,15,19842,R - 3:30P - 6:15P,O'Shaughnessy Hall 201
fa2021,THEO83812-01,Eschatology,3,15,19841,T - 12:30P - 3:15P,O'Shaughnessy Hall 110
fa2021,THEO83816-01,African Christian Theologies,3,15,19840,T - 3:30P - 6:15P,DeBartolo Hall 308
fa2021,THEO83837-01,Liberation Theologies,3,15,19839,F - 12:30P - 3:15P,Corbett Family Hall E245
sp2021,THEO10001-01,Found of Theo: Biblcl Historcl,3,60,22127,M W - 10:25A - 11:15A,DeBartolo Performing Arts Ctr. 124
sp2021,THEO10001-02,Found of Theo: Biblcl Historcl,3,45,20392,T R - 8:00A - 9:15A,Bond Hall 220
sp2021,THEO10001-03,Found of Theo: Biblcl Historcl,3,65,23859,T R - 9:35A - 10:50A,Hesburgh Library 107
sp2021,THEO10001-04,Found of Theo: Biblcl Historcl,3,30,20508,M W - 9:35A - 10:50A,ONLINE COURSE
sp2021,THEO10001-05,Found of Theo: Biblcl Historcl,3,45,20631,M W - 11:10A - 12:25P,ONLINE COURSE
sp2021,THEO10001-06,Found of Theo: Biblcl Historcl,3,39,20262,T R - 12:45P - 2:00P,Jenkins and Nanovic Hall 1030AB
sp2021,THEO10001-07,Found of Theo: Biblcl Historcl,3,42,26642,T R - 12:45P - 2:00P,DeBartolo Performing Arts Ctr. 121
sp2021,THEO10001-08,Found of Theo: Biblcl Historcl,3,45,20668,T R - 2:20P - 3:35P,Hayes Healy Center 127
sp2021,THEO10001-09,Found of Theo: Biblcl Historcl,3,45,21101,T R - 2:20P - 3:35P,ONLINE COURSE
sp2021,THEO10001-10,Found of Theo: Biblcl Historcl,3,45,27146,T R - 3:55P - 5:10P,DeBartolo Performing Arts Ctr. 124
sp2021,THEO10001-11,Found of Theo: Biblcl Historcl,3,30,20133,T R - 3:55P - 5:10P,ONLINE COURSE
sp2021,THEO10001-12,Found of Theo: Biblcl Historcl,3,30,21399,T R - 3:55P - 5:10P,South Dining Hall 203
sp2021,THEO10001-14,Found of Theo: Biblcl Historcl,3,25,31581,M W F - 9:10A - 10:00A,Bond Hall 308
sp2021,THEO10001-15,Found of Theo: Biblcl Historcl,3,30,31580,M W F - 10:25A - 11:15A,Riley Hall 200
sp2021,THEO10001-16,Found of Theo: Biblcl Historcl,3,30,31579,M W F - 11:40A - 12:30P,ONLINE COURSE
sp2021,THEO10001-17,Found of Theo: Biblcl Historcl,3,27,32027,M W F - 8:00A - 8:50A,DeBartolo Hall 131
sp2021,THEO10001-18,Found of Theo: Biblcl Historcl,3,57,32655,(01) M T R F - 3:30P - 6:00P(11) M T W - 3:30P - 6:00P,ONLINE COURSE ONLINE COURSE
sp2021,THEO10001-19,Found of Theo: Biblcl Historcl,3,2,33070,(01) M T R F - 3:30P - 6:00P(11) M T W - 3:30P - 6:00P,ONLINE COURSE ONLINE COURSE
sp2021,THEO10001-20,Found of Theo: Biblcl Historcl,3,69,32657,M T R F - 12:30P - 3:00P,ONLINE COURSE
sp2021,THEO10001-21,Found of Theo: Biblcl Historcl,3,10,33071,M T R F - 12:30P - 3:00P,ONLINE COURSE
sp2021,THEO10001-22,Found of Theo: Biblcl Historcl,3,15,33152,(01) M T R F - 3:30P - 6:00P(11) M T W - 3:30P - 6:00P,ONLINE COURSE ONLINE COURSE
sp2021,THEO10001-23,Found of Theo: Biblcl Historcl,3,17,33153,M T R F - 12:30P - 3:00P,ONLINE COURSE
sp2021,THEO10001-24,Found of Theo: Biblcl Historcl,3,5,33300,M W - 12:45P - 2:00P,ONLINE COURSE
sp2021,THEO10001-25,Found of Theo: Biblcl Historcl,3,14,33301,M W - 2:20P - 3:35P,ONLINE COURSE
sp2021,THEO10001-26,Found of Theo: Biblcl Historcl,3,23,33338,T R - 11:10A - 12:25P,ONLINE COURSE
sp2021,THEO10002-01,Found of Theo: Biblcl Historcl,3,30,23544,T R - 9:35A - 10:50A,Maintenance Center 134
sp2021,THEO10002-02,Found of Theo: Biblcl Historcl,3,47,23546,T R - 12:45P - 2:00P,Morris Inn 190AB
sp2021,THEO10002-03,Found of Theo: Biblcl Historcl,3,22,23545,M W - 12:45P - 2:00P,ONLINE COURSE
sp2021,THEO10002-04,Found of Theo: Biblcl Historcl,3,10,23860,M W - 2:20P - 3:35P,ONLINE COURSE
sp2021,THEO10002-05,Found of Theo: Biblcl Historcl,3,27,28296,M W - 2:20P - 3:35P,Flanner Hall 114
sp2021,THEO10011-01,Foundations of Theology,3,40,31578,T R - 2:20P - 3:35P,ONLINE COURSE
sp2021,THEO10801-01,Foundations (Fundamentals),3,25,24402,M W F - 4:05P - 4:55P,Hayes Healy Center 231
sp2021,THEO10801-02,Foundations (Fundamentals),3,24,33112,(01) M T W R - 8:00A - 9:15A(11) M T W R - 10:45A - 12:00P,ONLINE COURSE ONLINE COURSE
sp2021,THEO13002-01,Hnrs Fdt of Theo: Biblcl/Hist,3,23,26643,T R - 9:35A - 10:50A,ONLINE COURSE
sp2021,THEO13002-02,Hnrs Fdt of Theo: Biblcl/Hist,3,18,23547,M W - 11:10A - 12:25P,DeBartolo Hall 310
sp2021,THEO13183-01,Theology University Seminar,3,15,21313,T R - 9:35A - 10:50A,DeBartolo Hall 232
sp2021,THEO13183-02,Theology University Seminar,3,15,21314,T R - 12:45P - 2:00P,Corbett Family Hall E202
sp2021,THEO20110-01,"Creation, Ecology, Technology",3,14,33362,M W - 11:10A - 12:25P,DeBartolo Hall 208
sp2021,THEO20112-01,"Bible, Black Church, Blues",3,8,28297,T R - 11:10A - 12:25P,DeBartolo Hall 131
sp2021,THEO20112-02,"Bible, Black Church, Blues",3,2,28299,T R - 11:10A - 12:25P,DeBartolo Hall 131
sp2021,THEO20112-03,"Bible, Black Church, Blues",3,2,28300,T R - 11:10A - 12:25P,DeBartolo Hall 131
sp2021,THEO20112-04,"Bible, Black Church, Blues",3,1,28301,T R - 11:10A - 12:25P,DeBartolo Hall 131
sp2021,THEO20112-05,"Bible, Black Church, Blues",3,5,28994,T R - 11:10A - 12:25P,DeBartolo Hall 131
sp2021,THEO20204-01,Jewish-Xian Dispute-Dialogue,3,26,31573,M W - 2:20P - 3:35P,ONLINE COURSE
sp2021,THEO20204-02,Jewish-Xian Dispute-Dialogue,3,8,31572,M W - 2:20P - 3:35P,ONLINE COURSE
sp2021,THEO20204-03,Jewish-Xian Dispute-Dialogue,3,11,31571,M W - 2:20P - 3:35P,ONLINE COURSE
sp2021,THEO20204-04,Jewish-Xian Dispute-Dialogue,3,0,31570,M W - 2:20P - 3:35P,ONLINE COURSE
sp2021,THEO20204-05,Jewish-Xian Dispute-Dialogue,3,0,31569,M W - 2:20P - 3:35P,ONLINE COURSE
sp2021,THEO20207-01,In Dark Times,3,12,31568,M W - 3:55P - 5:10P,O'Neill Hall of Music S136
sp2021,THEO20207-02,In Dark Times,3,10,31567,M W - 3:55P - 5:10P,O'Neill Hall of Music S136
sp2021,THEO20207-03,In Dark Times,3,10,31566,M W - 3:55P - 5:10P,O'Neill Hall of Music S136
sp2021,THEO20207-04,In Dark Times,3,8,31565,M W - 3:55P - 5:10P,O'Neill Hall of Music S136
sp2021,THEO20207-05,In Dark Times,3,7,31564,M W - 3:55P - 5:10P,O'Neill Hall of Music S136
sp2021,THEO20207-06,In Dark Times,3,18,32673,(01) M W F - 12:00P - 1:30P(11) M W F - 2:30P - 4:00P,ONLINE COURSE ONLINE COURSE
sp2021,THEO20207-07,In Dark Times,3,18,32754,(01) M W F - 12:00P - 1:30P(11) M W F - 2:30P - 4:00P,ONLINE COURSE ONLINE COURSE
sp2021,THEO20207-08,In Dark Times,3,18,32755,(01) M W F - 12:00P - 1:30P(11) M W F - 2:30P - 4:00P,ONLINE COURSE ONLINE COURSE
sp2021,THEO20207-09,In Dark Times,3,10,32756,(01) M W F - 12:00P - 1:30P(11) M W F - 2:30P - 4:00P,ONLINE COURSE ONLINE COURSE
sp2021,THEO20207-10,In Dark Times,3,19,33066,(01) M W F - 12:00P - 1:30P(11) M W F - 2:30P - 4:00P,ONLINE COURSE ONLINE COURSE
sp2021,THEO20246-01,Fr. Bernard to Bernadette,3,18,26051,M W F - 10:25A - 11:15A,DeBartolo Hall 140
sp2021,THEO20246-02,Fr. Bernard to Bernadette,3,3,26644,M W F - 10:25A - 11:15A,DeBartolo Hall 140
sp2021,THEO20246-03,Fr. Bernard to Bernadette,3,4,26961,M W F - 10:25A - 11:15A,DeBartolo Hall 140
sp2021,THEO20246-04,Fr. Bernard to Bernadette,3,1,26645,M W F - 10:25A - 11:15A,DeBartolo Hall 140
sp2021,THEO20246-05,Fr. Bernard to Bernadette,3,10,26646,M W F - 10:25A - 11:15A,DeBartolo Hall 140
sp2021,THEO20249-01,Eastern Churches,3,9,31563,T R - 3:55P - 5:10P,Haggar Hall 117
sp2021,THEO20249-02,Eastern Churches,3,4,31561,T R - 3:55P - 5:10P,Haggar Hall 117
sp2021,THEO20249-03,Eastern Churches,3,6,31560,T R - 3:55P - 5:10P,Haggar Hall 117
sp2021,THEO20249-04,Eastern Churches,3,4,31559,T R - 3:55P - 5:10P,Haggar Hall 117
sp2021,THEO20249-05,Eastern Churches,3,5,31558,T R - 3:55P - 5:10P,Haggar Hall 117
sp2021,THEO20249-06,Eastern Churches,3,17,31557,T R - 5:30P - 6:45P,Haggar Hall 117
sp2021,THEO20249-07,Eastern Churches,3,9,31556,T R - 5:30P - 6:45P,Haggar Hall 117
sp2021,THEO20249-08,Eastern Churches,3,4,31555,T R - 5:30P - 6:45P,Haggar Hall 117
sp2021,THEO20249-09,Eastern Churches,3,0,31554,T R - 5:30P - 6:45P,Haggar Hall 117
sp2021,THEO20249-10,Eastern Churches,3,0,31553,T R - 5:30P - 6:45P,Haggar Hall 117
sp2021,THEO20251-01,The Catholic Faith,3,83,23017,T R - 2:20P - 3:35P,Stepan Center 101
sp2021,THEO20251-02,The Catholic Faith,3,55,24268,T R - 2:20P - 3:35P,Stepan Center 101
sp2021,THEO20251-03,The Catholic Faith,3,52,26052,T R - 2:20P - 3:35P,Stepan Center 101
sp2021,THEO20251-04,The Catholic Faith,3,10,26647,T R - 2:20P - 3:35P,Stepan Center 101
sp2021,THEO20251-05,The Catholic Faith,3,10,26648,T R - 2:20P - 3:35P,Stepan Center 101
sp2021,THEO20258-01,"Aquinas, Faith, and Wisdom",3,19,31552,T R - 2:20P - 3:35P,Eck ND Visitors Center 125
sp2021,THEO20258-02,"Aquinas, Faith, and Wisdom",3,8,31551,T R - 2:20P - 3:35P,Eck ND Visitors Center 125
sp2021,THEO20258-03,"Aquinas, Faith, and Wisdom",3,9,31550,T R - 2:20P - 3:35P,Eck ND Visitors Center 125
sp2021,THEO20258-04,"Aquinas, Faith, and Wisdom",3,5,31549,T R - 2:20P - 3:35P,Eck ND Visitors Center 125
sp2021,THEO20258-05,"Aquinas, Faith, and Wisdom",3,9,31548,T R - 2:20P - 3:35P,Eck ND Visitors Center 125
sp2021,THEO20266-01,The Rule,3,1,31547,M W - 11:10A - 12:25P,DeBartolo Hall 312
sp2021,THEO20266-02,The Rule,3,1,32823,M W - 11:10A - 12:25P,DeBartolo Hall 312
sp2021,THEO20266-03,The Rule,3,1,32824,M W - 11:10A - 12:25P,DeBartolo Hall 312
sp2021,THEO20266-04,The Rule,3,1,32825,M W - 11:10A - 12:25P,DeBartolo Hall 312
sp2021,THEO20266-05,The Rule,3,15,32826,M W - 11:10A - 12:25P,DeBartolo Hall 312
sp2021,THEO20266-06,The Rule,3,5,31546,M W - 12:45P - 2:00P,DeBartolo Hall 118
sp2021,THEO20266-07,The Rule,3,2,32827,M W - 12:45P - 2:00P,DeBartolo Hall 118
sp2021,THEO20266-08,The Rule,3,2,32828,M W - 12:45P - 2:00P,DeBartolo Hall 118
sp2021,THEO20266-09,The Rule,3,1,32829,M W - 12:45P - 2:00P,DeBartolo Hall 118
sp2021,THEO20266-10,The Rule,3,9,32830,M W - 12:45P - 2:00P,DeBartolo Hall 118
sp2021,THEO20412-01,Chrstn Initiation & Eucharist,3,12,31545,M W - 9:35A - 10:50A,ONLINE COURSE
sp2021,THEO20412-02,Chrstn Initiation & Eucharist,3,1,31544,M W - 9:35A - 10:50A,ONLINE COURSE
sp2021,THEO20412-03,Chrstn Initiation & Eucharist,3,3,31543,M W - 9:35A - 10:50A,ONLINE COURSE
sp2021,THEO20412-04,Chrstn Initiation & Eucharist,3,1,31542,M W - 9:35A - 10:50A,ONLINE COURSE
sp2021,THEO20412-05,Chrstn Initiation & Eucharist,3,1,31541,M W - 9:35A - 10:50A,ONLINE COURSE
sp2021,THEO20626-01,Theology and Ecology,3,10,27116,M W - 2:20P - 3:35P,Maintenance Center 134
sp2021,THEO20626-02,Theology and Ecology,3,5,27122,M W - 2:20P - 3:35P,Maintenance Center 134
sp2021,THEO20626-03,Theology and Ecology,3,5,27123,M W - 2:20P - 3:35P,Maintenance Center 134
sp2021,THEO20626-04,Theology and Ecology,3,3,27124,M W - 2:20P - 3:35P,Maintenance Center 134
sp2021,THEO20626-05,Theology and Ecology,3,7,27190,M W - 2:20P - 3:35P,Maintenance Center 134
sp2021,THEO20626-06,Theology and Ecology,3,11,28310,M W - 3:55P - 5:10P,Maintenance Center 134
sp2021,THEO20626-07,Theology and Ecology,3,5,28311,M W - 3:55P - 5:10P,Maintenance Center 134
sp2021,THEO20626-08,Theology and Ecology,3,6,28312,M W - 3:55P - 5:10P,Maintenance Center 134
sp2021,THEO20626-09,Theology and Ecology,3,7,28313,M W - 3:55P - 5:10P,Maintenance Center 134
sp2021,THEO20626-10,Theology and Ecology,3,3,28999,M W - 3:55P - 5:10P,Maintenance Center 134
sp2021,THEO20639-01,"Theology, Ethics, and Business",3,15,31540,M W - 11:10A - 12:25P,Maintenance Center 134
sp2021,THEO20639-02,"Theology, Ethics, and Business",3,6,31539,M W - 11:10A - 12:25P,Maintenance Center 134
sp2021,THEO20639-03,"Theology, Ethics, and Business",3,8,31538,M W - 11:10A - 12:25P,Maintenance Center 134
sp2021,THEO20639-04,"Theology, Ethics, and Business",3,4,31537,M W - 11:10A - 12:25P,Maintenance Center 134
sp2021,THEO20639-05,"Theology, Ethics, and Business",3,2,31536,M W - 11:10A - 12:25P,Maintenance Center 134
sp2021,THEO20639-06,"Theology, Ethics, and Business",3,15,31535,M W - 12:45P - 2:00P,Geddes Hall B001
sp2021,THEO20639-07,"Theology, Ethics, and Business",3,15,31534,M W - 12:45P - 2:00P,Geddes Hall B001
sp2021,THEO20639-08,"Theology, Ethics, and Business",3,10,31533,M W - 12:45P - 2:00P,Geddes Hall B001
sp2021,THEO20639-09,"Theology, Ethics, and Business",3,8,31532,M W - 12:45P - 2:00P,Geddes Hall B001
sp2021,THEO20639-10,"Theology, Ethics, and Business",3,2,31531,M W - 12:45P - 2:00P,Geddes Hall B001
sp2021,THEO20639-11,"Theology, Ethics, and Business",3,10,31530,M W - 2:20P - 3:35P,Geddes Hall B001
sp2021,THEO20639-12,"Theology, Ethics, and Business",3,8,31529,M W - 2:20P - 3:35P,Geddes Hall B001
sp2021,THEO20639-13,"Theology, Ethics, and Business",3,6,31528,M W - 2:20P - 3:35P,Geddes Hall B001
sp2021,THEO20639-14,"Theology, Ethics, and Business",3,6,31527,M W - 2:20P - 3:35P,Geddes Hall B001
sp2021,THEO20639-15,"Theology, Ethics, and Business",3,1,31526,M W - 2:20P - 3:35P,Geddes Hall B001
sp2021,THEO20643-01,The Askesis of Nonviolence,3,16,24404,M W - 12:45P - 2:00P,ONLINE COURSE
sp2021,THEO20643-02,The Askesis of Nonviolence,3,2,27210,M W - 12:45P - 2:00P,ONLINE COURSE
sp2021,THEO20643-03,The Askesis of Nonviolence,3,3,28610,M W - 12:45P - 2:00P,ONLINE COURSE
sp2021,THEO20643-04,The Askesis of Nonviolence,3,0,28611,M W - 12:45P - 2:00P,ONLINE COURSE
sp2021,THEO20643-05,The Askesis of Nonviolence,3,6,28990,M W - 12:45P - 2:00P,ONLINE COURSE
sp2021,THEO20659-01,"War, Peace and Revolution",3,10,31525,M W F - 1:00P - 1:50P,Riley Hall 200
sp2021,THEO20659-02,"War, Peace and Revolution",3,6,31524,M W F - 1:00P - 1:50P,Riley Hall 200
sp2021,THEO20659-03,"War, Peace and Revolution",3,6,31523,M W F - 1:00P - 1:50P,Riley Hall 200
sp2021,THEO20659-04,"War, Peace and Revolution",3,3,31522,M W F - 1:00P - 1:50P,Riley Hall 200
sp2021,THEO20659-05,"War, Peace and Revolution",3,3,31521,M W F - 1:00P - 1:50P,Riley Hall 200
sp2021,THEO20674-01,God & Slavery in the Americas,3,13,28314,M W - 12:45P - 2:00P,Maintenance Center 134
sp2021,THEO20674-02,God & Slavery in the Americas,3,2,28317,M W - 12:45P - 2:00P,Maintenance Center 134
sp2021,THEO20674-03,God & Slavery in the Americas,3,2,28318,M W - 12:45P - 2:00P,Maintenance Center 134
sp2021,THEO20674-04,God & Slavery in the Americas,3,2,28319,M W - 12:45P - 2:00P,Maintenance Center 134
sp2021,THEO20674-05,God & Slavery in the Americas,3,5,28998,M W - 12:45P - 2:00P,Maintenance Center 134
sp2021,THEO20807-01,Discernment: Theo & Practice,3,18,32739,(01) T W R F - 11:00A - 1:30P(11) M T W - 11:00A - 1:30P(21) F - 11:00A - 1:30P(31) M T W R F - 11:00A - 1:30P(41) M T - 11:00A - 1:30P,ONLINE COURSE ONLINE COURSE ONLINE COURSE ONLINE COURSE ONLINE COURSE
sp2021,THEO20807-02,Discernment: Theo & Practice,3,18,32751,(01) T W R F - 11:00A - 1:30P(11) M T W - 11:00A - 1:30P(21) F - 11:00A - 1:30P(31) M T W R F - 11:00A - 1:30P(41) M T - 11:00A - 1:30P,ONLINE COURSE ONLINE COURSE ONLINE COURSE ONLINE COURSE ONLINE COURSE
sp2021,THEO20807-03,Discernment: Theo & Practice,3,18,32752,(01) T W R F - 11:00A - 1:30P(11) M T W - 11:00A - 1:30P(21) F - 11:00A - 1:30P(31) M T W R F - 11:00A - 1:30P(41) M T - 11:00A - 1:30P,ONLINE COURSE ONLINE COURSE ONLINE COURSE ONLINE COURSE ONLINE COURSE
sp2021,THEO20807-04,Discernment: Theo & Practice,3,10,32753,(01) T W R F - 11:00A - 1:30P(11) M T W - 11:00A - 1:30P(21) F - 11:00A - 1:30P(31) M T W R F - 11:00A - 1:30P(41) M T - 11:00A - 1:30P,ONLINE COURSE ONLINE COURSE ONLINE COURSE ONLINE COURSE ONLINE COURSE
sp2021,THEO20807-05,Discernment: Theo & Practice,3,17,33067,(01) T W R F - 11:00A - 1:30P(11) M T W - 11:00A - 1:30P(21) F - 11:00A - 1:30P(31) M T W R F - 11:00A - 1:30P(41) M T - 11:00A - 1:30P,ONLINE COURSE ONLINE COURSE ONLINE COURSE ONLINE COURSE ONLINE COURSE
sp2021,THEO20828-01,Christianity & World Religions,3,16,23861,M W F - 8:00A - 8:50A,Galvin Life Science Center 283
sp2021,THEO20828-02,Christianity & World Religions,3,7,26137,M W F - 8:00A - 8:50A,Galvin Life Science Center 283
sp2021,THEO20828-03,Christianity & World Religions,3,7,26966,M W F - 8:00A - 8:50A,Galvin Life Science Center 283
sp2021,THEO20828-04,Christianity & World Religions,3,3,26967,M W F - 8:00A - 8:50A,Galvin Life Science Center 283
sp2021,THEO20828-05,Christianity & World Religions,3,7,26651,M W F - 8:00A - 8:50A,Galvin Life Science Center 283
sp2021,THEO20828-06,Christianity & World Religions,3,8,26652,M W F - 10:25A - 11:15A,Galvin Life Science Center 283
sp2021,THEO20828-07,Christianity & World Religions,3,6,26653,M W F - 10:25A - 11:15A,Galvin Life Science Center 283
sp2021,THEO20828-08,Christianity & World Religions,3,5,26654,M W F - 10:25A - 11:15A,Galvin Life Science Center 283
sp2021,THEO20828-09,Christianity & World Religions,3,6,26968,M W F - 10:25A - 11:15A,Galvin Life Science Center 283
sp2021,THEO20828-10,Christianity & World Religions,3,17,27191,M W F - 10:25A - 11:15A,Galvin Life Science Center 283
sp2021,THEO20830-01,Islam and Christian Theology,3,9,26655,M W F - 11:40A - 12:30P,Riley Hall 200
sp2021,THEO20830-02,Islam and Christian Theology,3,6,26656,M W F - 11:40A - 12:30P,Riley Hall 200
sp2021,THEO20830-03,Islam and Christian Theology,3,7,26657,M W F - 11:40A - 12:30P,Riley Hall 200
sp2021,THEO20830-04,Islam and Christian Theology,3,6,26658,M W F - 11:40A - 12:30P,Riley Hall 200
sp2021,THEO20830-05,Islam and Christian Theology,3,0,27036,M W F - 11:40A - 12:30P,Riley Hall 200
sp2021,THEO20830-06,Islam and Christian Theology,3,20,29400,T R - 9:35A - 10:50A,Eck ND Visitors Center 125
sp2021,THEO20830-07,Islam and Christian Theology,3,18,31515,T R - 9:35A - 10:50A,Eck ND Visitors Center 125
sp2021,THEO20830-08,Islam and Christian Theology,3,5,31514,T R - 9:35A - 10:50A,Eck ND Visitors Center 125
sp2021,THEO20830-09,Islam and Christian Theology,3,4,31513,T R - 9:35A - 10:50A,Eck ND Visitors Center 125
sp2021,THEO20830-10,Islam and Christian Theology,3,3,31512,T R - 9:35A - 10:50A,Eck ND Visitors Center 125
sp2021,THEO20830-11,Islam and Christian Theology,3,18,32878,M T W R F - 1:00P - 2:30P,ONLINE COURSE
sp2021,THEO20830-12,Islam and Christian Theology,3,18,32992,M T W R F - 1:00P - 2:30P,ONLINE COURSE
sp2021,THEO20830-13,Islam and Christian Theology,3,18,32993,M T W R F - 1:00P - 2:30P,ONLINE COURSE
sp2021,THEO20830-14,Islam and Christian Theology,3,10,32994,M T W R F - 1:00P - 2:30P,ONLINE COURSE
sp2021,THEO20830-15,Islam and Christian Theology,3,11,33068,M T W R F - 1:00P - 2:30P,ONLINE COURSE
sp2021,THEO20847-01,Christianity & Buddhism,3,14,31511,T R - 3:55P - 5:10P,ONLINE COURSE
sp2021,THEO20847-02,Christianity & Buddhism,3,14,31509,T R - 3:55P - 5:10P,ONLINE COURSE
sp2021,THEO20847-03,Christianity & Buddhism,3,8,31508,T R - 3:55P - 5:10P,ONLINE COURSE
sp2021,THEO20847-04,Christianity & Buddhism,3,4,31507,T R - 3:55P - 5:10P,ONLINE COURSE
sp2021,THEO20847-05,Christianity & Buddhism,3,8,31506,T R - 3:55P - 5:10P,ONLINE COURSE
sp2021,THEO20886-01,Christian Spirituality,3,14,26053,M W - 2:20P - 3:35P,Bond Hall G09
sp2021,THEO20886-02,Christian Spirituality,3,14,26659,M W - 2:20P - 3:35P,Bond Hall G09
sp2021,THEO20886-03,Christian Spirituality,3,10,26660,M W - 2:20P - 3:35P,Bond Hall G09
sp2021,THEO20886-04,Christian Spirituality,3,0,26661,M W - 2:20P - 3:35P,Bond Hall G09
sp2021,THEO20886-05,Christian Spirituality,3,2,29391,M W - 2:20P - 3:35P,Bond Hall G09
sp2021,THEO20888-01,"Science, Theology, & Creation",3,6,28336,M W F - 9:10A - 10:00A,Coleman Morse Center 330
sp2021,THEO20888-02,"Science, Theology, & Creation",3,4,28337,M W F - 9:10A - 10:00A,Coleman Morse Center 330
sp2021,THEO20888-03,"Science, Theology, & Creation",3,4,28338,M W F - 9:10A - 10:00A,Coleman Morse Center 330
sp2021,THEO20888-04,"Science, Theology, & Creation",3,4,28339,M W F - 9:10A - 10:00A,Coleman Morse Center 330
sp2021,THEO20888-05,"Science, Theology, & Creation",3,3,29394,M W F - 9:10A - 10:00A,Coleman Morse Center 330
sp2021,THEO20888-06,"Science, Theology, & Creation",3,13,31505,M W F - 10:25A - 11:15A,Coleman Morse Center 330
sp2021,THEO20888-07,"Science, Theology, & Creation",3,4,31504,M W F - 10:25A - 11:15A,Coleman Morse Center 330
sp2021,THEO20888-08,"Science, Theology, & Creation",3,4,31503,M W F - 10:25A - 11:15A,Coleman Morse Center 330
sp2021,THEO20888-09,"Science, Theology, & Creation",3,0,31502,M W F - 10:25A - 11:15A,Coleman Morse Center 330
sp2021,THEO20888-10,"Science, Theology, & Creation",3,2,31501,M W F - 10:25A - 11:15A,Coleman Morse Center 330
sp2021,THEO20894-01,The Catholic Imagination,3,20,23548,M W - 3:55P - 5:10P,Jordan Hall of Science 105
sp2021,THEO20894-02,The Catholic Imagination,3,11,32933,M W - 3:55P - 5:10P,Jordan Hall of Science 105
sp2021,THEO20894-03,The Catholic Imagination,3,5,32934,M W - 3:55P - 5:10P,Jordan Hall of Science 105
sp2021,THEO20894-04,The Catholic Imagination,3,3,32935,M W - 3:55P - 5:10P,Jordan Hall of Science 105
sp2021,THEO20894-05,The Catholic Imagination,3,4,32936,M W - 3:55P - 5:10P,Jordan Hall of Science 105
sp2021,THEO20894-06,The Catholic Imagination,3,32,32938,M W - 3:55P - 5:10P,Jordan Hall of Science 105
sp2021,THEO20896-01,Faith and Science,3,13,28348,T R - 9:35A - 10:50A,Geddes Hall B001
sp2021,THEO20896-02,Faith and Science,3,7,28349,T R - 9:35A - 10:50A,Geddes Hall B001
sp2021,THEO20896-03,Faith and Science,3,8,28350,T R - 9:35A - 10:50A,Geddes Hall B001
sp2021,THEO20896-04,Faith and Science,3,6,28351,T R - 9:35A - 10:50A,Geddes Hall B001
sp2021,THEO20896-05,Faith and Science,3,15,29390,T R - 9:35A - 10:50A,Geddes Hall B001
sp2021,THEO23229-01,Christianity & Mission,3,11,31500,M W - 2:20P - 3:35P,O'Shaughnessy Hall 114
sp2021,THEO23229-02,Christianity & Mission,3,5,32713,M W - 2:20P - 3:35P,O'Shaughnessy Hall 114
sp2021,THEO24898-01,"Theology, Worship, & the Arts",3,18,32741,M T R F - 12:30P - 3:00P,ONLINE COURSE
sp2021,THEO24898-02,"Theology, Worship, & the Arts",3,18,32760,M T R F - 12:30P - 3:00P,ONLINE COURSE
sp2021,THEO24898-03,"Theology, Worship, & the Arts",3,16,32761,M T R F - 12:30P - 3:00P,ONLINE COURSE
sp2021,THEO24898-04,"Theology, Worship, & the Arts",3,10,32762,M T R F - 12:30P - 3:00P,ONLINE COURSE
sp2021,THEO24898-05,"Theology, Worship, & the Arts",3,24,33069,M T R F - 12:30P - 3:00P,ONLINE COURSE
sp2021,THEO33936-01,SSL: Kinship on the Margins,3,45,20945,TBA,TBA
sp2021,THEO33938-01,Smr Srv Lrn: Soc Issues Intl,3,15,23946,TBA,TBA
sp2021,THEO40003-01,Elementary Hebrew II,3,5,23549,T R - 9:35A - 10:50A,Malloy Hall 320
sp2021,THEO40005-01,Intermediate Hebrew II,3,5,26138,M W - 3:55P - 5:10P,Pasquerilla Center 116
sp2021,THEO40108-01,New Testament Introduction,3,62,21463,M W - 11:10A - 12:25P,O'Neill Hall of Music S120
sp2021,THEO40202-01,The Christian Tradition II,3,34,21227,T R - 12:45P - 2:00P,Hesburgh Library 108
sp2021,THEO40202-02,The Christian Tradition II,3,35,22980,M W - 12:45P - 2:00P,Bond Hall G09
sp2021,THEO40202-03,The Christian Tradition II,3,1,24269,T R - 12:45P - 2:00P,Hesburgh Library 108
sp2021,THEO40206-01,Augustine's City of God,3,16,31499,T R - 9:35A - 10:50A,O'Shaughnessy Hall 114
sp2021,THEO40208-01,Catholicism and The City,3,2,33208,T R - 12:45P - 2:00P,Walsh Hall of Architecture 109
sp2021,THEO40209-01,Issues in Sacred Architecture,3,2,33209,M - 6:30P - 9:00P,Walsh Hall of Architecture 109
sp2021,THEO40211-01,Anselm,3,4,31153,T R - 11:10A - 12:25P,ONLINE COURSE
sp2021,THEO40277-01,Medicine & Health(care),3,8,31498,T R - 11:10A - 12:25P,DeBartolo Hall 244
sp2021,THEO40285-01,JewishTheo in Med. Medtrnean,3,10,31496,M W - 9:35A - 10:50A,ONLINE COURSE
sp2021,THEO40286-01,The Qur'an Relation to Bible,3,7,31492,M W - 2:20P - 3:35P,DeBartolo Hall 311
sp2021,THEO40295-01,Intro to Byzantine Theology,3,10,31491,T R - 3:55P - 5:10P,DeBartolo Performing Arts Ctr. 213
sp2021,THEO40402-01,Liturgical Year,3,12,31487,M W - 2:20P - 3:35P,ONLINE COURSE
sp2021,THEO40424-01,History of Christian Architect,3,18,31484,M W - 8:00A - 9:15A,ONLINE COURSE
sp2021,THEO40433-01,Liturgy and the Female Body,3,9,31480,T R - 9:35A - 10:50A,ONLINE COURSE
sp2021,THEO40437-01,Music of the Catholic Rite,3,2,33100,T R - 11:10A - 12:25P,O'Neill Hall of Music S306
sp2021,THEO40613-01,Catholic Social Teaching,3,8,23947,M W - 2:20P - 3:35P,ONLINE COURSE
sp2021,THEO40628-01,"God, Science and Morality",3,13,31475,T R - 12:45P - 2:00P,DeBartolo Performing Arts Ctr. 213
sp2021,THEO40632-01,Heart's Desire & Social Change,3,22,25183,T - 3:55P - 6:40P,Hayes Healy Center 117
sp2021,THEO40634-01,African Lit & Moral Imaginatn,3,2,25079,T R - 12:45P - 2:00P,Main Building 303
sp2021,THEO40641-01,Corp Gov & Catholic Soc Teachg,3,4,32967,M - 3:30P - 6:00P,Mendoza College of Business 203
sp2021,THEO40643-01,Christianity/Commerce/Consumer,3,2,33210,M W - 10:25A - 11:15A,O'Neill Hall of Music S136
sp2021,THEO40644-01,"Labor, Narr, & Cath Soc Trad",3,1,33211,T R - 11:10A - 12:25P,Bond Hall G09
sp2021,THEO40722-01,Theologizing Women,3,9,31473,T R - 2:20P - 3:35P,DeBartolo Hall 117
sp2021,THEO40723-01,Themes in Islamic Law & Ethics,3,2,32605,M W - 2:20P - 3:35P,Jenkins and Nanovic Hall B001
sp2021,THEO40805-01,Christian Anthropology,3,15,31470,T R - 2:20P - 3:35P,Hayes Healy Center 229
sp2021,THEO40823-01,Religion and Literature,3,14,28362,T R - 3:55P - 5:10P,DeBartolo Hall 117
sp2021,THEO40858-01,Worlds of Buddhism,3,12,31469,T R - 2:20P - 3:35P,ONLINE COURSE
sp2021,THEO40870-02,Spiritualities of Caring,3,5,33202,T R - 3:55P - 5:10P,Corbett Family Hall E378
sp2021,THEO40877-01,Salvation & Liberation,3,5,31467,T R - 11:10A - 12:25P,DeBartolo Hall 223
sp2021,THEO43203-01,Joint Sem: Seeing God,3,6,22370,T R - 8:00A - 9:15A,DeBartolo Hall 232
sp2021,THEO46002-04,Directed Readings,3,4,21723,TBA,TBA
sp2021,THEO46002-05,Directed Readings,3,1,21745,TBA,TBA
sp2021,THEO48002-01,Ph/Th Thesis Writing,3,10,21709,TBA,TBA
sp2021,THEO48003-01,Honors Thesis Writing,3,12,21428,TBA,TBA
sp2021,THEO60003-01,Elementary Hebrew II,3,9,21286,T R - 9:35A - 10:50A,Malloy Hall 320
sp2021,THEO60018-01,Intermediate Hebrew II,3,5,23268,M W - 3:55P - 5:10P,Pasquerilla Center 116
sp2021,THEO60036-01,Intro to PreMod Arabic 2,3,1,31463,R - 11:15A - 2:00P,DeBartolo Hall 231
sp2021,THEO60102-01,New Testament Introduction,3,5,22738,M W - 9:35A - 10:50A,Bond Hall 325
sp2021,THEO60102-02,New Testament Introduction,3,18,24590,M W - 9:35A - 10:50A,Bond Hall 325
sp2021,THEO60165-01,Theological Exegesis: Exodus,3,10,31460,M W - 8:00A - 9:15A,Hesburgh Ctr. for Int. Studies C100
sp2021,THEO60165-02,Theological Exegesis: Exodus,3,27,31459,M W - 8:00A - 9:15A,Hesburgh Ctr. for Int. Studies C100
sp2021,THEO60205-01,Intro to Medieval Theology,3,23,31458,T R - 9:35A - 10:50A,Flanner Hall 114
sp2021,THEO60208-01,Intro to Byzantine Theology,3,13,31488,T R - 3:55P - 5:10P,DeBartolo Performing Arts Ctr. 213
sp2021,THEO60226-01,Jewish Theo in Med. Medtrnean,3,10,31493,M W - 9:35A - 10:50A,ONLINE COURSE
sp2021,THEO60401-01,Sacramental Theology,3,7,23948,T R - 12:45P - 2:00P,Snite Museum of Art B009
sp2021,THEO60401-02,Sacramental Theology,3,24,31456,T R - 12:45P - 2:00P,Snite Museum of Art B009
sp2021,THEO60421-01,Liturgical Year,3,10,31485,M W - 2:20P - 3:35P,ONLINE COURSE
sp2021,THEO60459-01,History of Christian Architect,3,7,31481,M W - 8:00A - 9:15A,ONLINE COURSE
sp2021,THEO60465-01,Liturgy and the Female Body,3,10,31477,T R - 9:35A - 10:50A,ONLINE COURSE
sp2021,THEO60601-01,Foundations of Moral Theology,3,8,22739,M W - 11:10A - 12:25P,Bond Hall 106
sp2021,THEO60601-02,Foundations of Moral Theology,3,16,24591,M W - 11:10A - 12:25P,Bond Hall 106
sp2021,THEO60614-01,Catholic Social Teaching,3,18,31476,M W - 2:20P - 3:35P,ONLINE COURSE
sp2021,THEO60622-01,Christ Political Theo & Ethics,3,27,31455,T R - 11:10A - 12:25P,Flanner Hall 114
sp2021,THEO60640-01,"God, Science and Morality",3,14,31474,T R - 12:45P - 2:00P,DeBartolo Performing Arts Ctr. 213
sp2021,THEO60657-01,African Lit & Moral Imaginatn,3,4,26139,T R - 12:45P - 2:00P,Main Building 303
sp2021,THEO60658-01,"Human Dignity, BioMed Ethics",3,9,31454,T R - 2:20P - 3:35P,Flanner Hall 114
sp2021,THEO60658-02,"Human Dignity, BioMed Ethics",3,18,31453,T R - 2:20P - 3:35P,Flanner Hall 114
sp2021,THEO60711-01,The Qur'an Relation to Bible,3,10,33111,M W - 2:20P - 3:35P,DeBartolo Hall 311
sp2021,THEO60723-01,Theology of World Religions,3,27,31452,T R - 8:00A - 9:15A,Flanner Hall 114
sp2021,THEO60724-01,"Religion, Technics, Human Dvlp",3,2,32606,T - 11:10A - 1:55P,DeBartolo Hall 120
sp2021,THEO60806-01,Ecclesiology,3,8,26054,M W - 9:35A - 10:50A,O'Shaughnessy Hall 109
sp2021,THEO60806-02,Ecclesiology,3,11,26055,M W - 9:35A - 10:50A,O'Shaughnessy Hall 109
sp2021,THEO60815-01,Contemplative Ecology,3,33,32742,M T W R F - 10:00A - 12:05P,ONLINE COURSE
sp2021,THEO60832-01,Christian Anthropology,3,12,33215,T R - 2:20P - 3:35P,Hayes Healy Center 229
sp2021,THEO60851-01,Theology of Priesthood,3,10,31451,T R - 3:55P - 5:10P,Jenkins and Nanovic Hall B036
sp2021,THEO60864-01,Salvation & Liberation,3,9,31466,T R - 11:10A - 12:25P,DeBartolo Hall 223
sp2021,THEO60891-01,Worlds of Buddhism,3,12,31468,T R - 2:20P - 3:35P,ONLINE COURSE
sp2021,THEO60996-01,Pastoral Topics,3,19,23550,T R - 9:35A - 10:50A,DeBartolo Hall 116
sp2021,THEO63001-01,Synthesis Seminar,3,12,20200,F - 1:00P - 3:45P,DeBartolo Hall 138
sp2021,THEO65932-01,Topics in Pastoral Ministry,3,17,20933,M W - 12:45P - 2:00P,DeBartolo Hall 117
sp2021,THEO66004-08,Directed Readings,3,2,29551,TBA,TBA
sp2021,THEO67014-01,Echo Field Placement,3,53,23551,TBA,TBA
sp2021,THEO80036-01,Intro to PreMod Arabic 2,3,4,31461,R - 11:15A - 2:00P,DeBartolo Hall 231
sp2021,THEO80821-01,Feminist Theologies: Sel Topcs,3,11,31449,M - 12:45P - 3:30P,Malloy Hall 320
sp2021,THEO83009-01,Elementary Akkadian II,3,10,31447,M W - 2:20P - 3:35P,O'Shaughnessy Hall 110
sp2021,THEO83013-01,Intermediate Hebrew II,3,5,28369,M W - 3:55P - 5:10P,Pasquerilla Center 116
sp2021,THEO83019-01,The Ancient Novel,3,5,32186,M W - 3:55P - 5:10P,Pasquerilla Center 102
sp2021,THEO83026-01,Readings in Akkadian,3,10,31446,W - 8:00A - 10:45A,Malloy Hall 320
sp2021,THEO83102-01,HB/OT Seminar,3,15,31445,F - 8:00A - 10:45A,O'Shaughnessy Hall 106
sp2021,THEO83111-01,NT Seminar,3,10,31444,R - 12:45P - 3:30P,Malloy Hall 320
sp2021,THEO83230-01,Wrld Christ:Hist &Theo Persptv,3,13,31443,M W - 11:10A - 12:25P,Malloy Hall 320
sp2021,THEO83255-01,Latin West & Byzntn East,3,12,31442,W - 3:55P - 6:40P,Malloy Hall 320
sp2021,THEO83261-01,Christian Salvation,3,14,31440,T - 12:45P - 3:30P,Malloy Hall 320
sp2021,THEO83301-01,Theological Pedagogy,3,25,27315,TBA,TBA
sp2021,THEO83425-01,Postmodern/Colonial Sac Theo,3,15,31438,T - 3:55P - 6:40P,Malloy Hall 320
sp2021,THEO83426-01,Slavic Liturgy,3,12,31437,R - 12:45P - 3:30P,DeBartolo Hall 225
sp2021,THEO83621-01,Modern Cath Moral Theology,3,15,31436,R - 3:55P - 6:40P,Malloy Hall 320
sp2021,THEO83664-01,Human Rights,3,13,31435,W - 8:00A - 10:45A,ONLINE COURSE
sp2021,THEO83711-01,Qur'anic Exegesis,3,11,31434,W - 12:45P - 3:30P,Malloy Hall 320
sp2021,THEO83834-01,Contemporary Protestant Theo,3,15,31432,T - 8:00A - 10:45A,Pasquerilla Center 109
sp2021,THEO83835-01,Memory and Desire,3,20,31431,F - 8:00A - 10:45A,Corbett Family Hall E108
fa2021,THEO30021-01,Liturgical Choir,V,49,10901,F - 5:05P - 5:55P,DEPARTMENTAL SPACE
fa2021,THEO30022-01,Notre Dame Magnificat Choir,V,70,10451,F - 5:05P - 5:55P,DEPARTMENTAL SPACE
fa2021,THEO30023-01,Folk Choir,V,30,10900,F - 5:05P - 5:55P,DEPARTMENTAL SPACE
fa2021,THEO45001-01,Research Apprenticeship,V,19,14871,TBA,TBA
